-- --------------------------------------------------------
-- Host:                         127.0.0.1
-- Server version:               10.6.8-MariaDB - mariadb.org binary distribution
-- Server OS:                    Win64
-- HeidiSQL Version:             11.3.0.6295
-- --------------------------------------------------------

/*!40101 SET @OLD_CHARACTER_SET_CLIENT=@@CHARACTER_SET_CLIENT */;
/*!40101 SET NAMES utf8 */;
/*!50503 SET NAMES utf8mb4 */;
/*!40014 SET @OLD_FOREIGN_KEY_CHECKS=@@FOREIGN_KEY_CHECKS, FOREIGN_KEY_CHECKS=0 */;
/*!40101 SET @OLD_SQL_MODE=@@SQL_MODE, SQL_MODE='NO_AUTO_VALUE_ON_ZERO' */;
/*!40111 SET @OLD_SQL_NOTES=@@SQL_NOTES, SQL_NOTES=0 */;


-- Dumping database structure for telerikacademy
CREATE DATABASE IF NOT EXISTS `telerikacademy` /*!40100 DEFAULT CHARACTER SET latin1 */;
USE `telerikacademy`;

-- Dumping structure for table telerikacademy.addresses
CREATE TABLE IF NOT EXISTS `addresses` (
  `address_id` int(11) NOT NULL AUTO_INCREMENT,
  `text` varchar(100) NOT NULL,
  `town_id` int(11) DEFAULT NULL,
  PRIMARY KEY (`address_id`) USING BTREE,
  KEY `FK_addresses_towns` (`town_id`) USING BTREE,
  CONSTRAINT `FK_addresses_towns` FOREIGN KEY (`town_id`) REFERENCES `towns` (`town_id`)
) ENGINE=InnoDB AUTO_INCREMENT=292 DEFAULT CHARSET=utf8mb4;

-- Dumping data for table telerikacademy.addresses: ~291 rows (approximately)
DELETE FROM `addresses`;
/*!40000 ALTER TABLE `addresses` DISABLE KEYS */;
INSERT INTO `addresses` (`address_id`, `text`, `town_id`) VALUES
	(1, '108 Lakeside Court', 5),
	(2, '1343 Prospect St', 5),
	(3, '1648 Eastgate Lane', 5),
	(4, '2284 Azalea Avenue', 5),
	(5, '2947 Vine Lane', 5),
	(6, '3067 Maya', 5),
	(7, '3197 Thornhill Place', 5),
	(8, '3284 S. Blank Avenue', 5),
	(9, '332 Laguna Niguel', 5),
	(10, '3454 Bel Air Drive', 5),
	(11, '3670 All Ways Drive', 5),
	(12, '3708 Montana', 5),
	(13, '3711 Rollingwood Dr', 5),
	(14, '3919 Pinto Road', 5),
	(15, '4311 Clay Rd', 5),
	(16, '4777 Rockne Drive', 5),
	(17, '5678 Clear Court', 5),
	(18, '5863 Sierra', 5),
	(19, '6058 Hill Street', 5),
	(20, '6118 Grasswood Circle', 5),
	(21, '620 Woodside Ct.', 5),
	(22, '6307 Greenbelt Way', 5),
	(23, '6448 Castle Court', 5),
	(24, '6774 Bonanza', 5),
	(25, '6968 Wren Ave.', 5),
	(26, '7221 Peachwillow Street', 5),
	(27, '7270 Pepper Way', 5),
	(28, '7396 Stratton Circle', 5),
	(29, '7808 Brown St.', 5),
	(30, '7902 Grammercy Lane', 5),
	(31, '8668 Via Neruda', 5),
	(32, '8684 Military East', 5),
	(33, '8751 Norse Drive', 5),
	(34, '9320 Teakwood Dr.', 5),
	(35, '9435 Breck Court', 5),
	(36, '9745 Bonita Ct.', 5),
	(37, 'Pascalstr 951', 31),
	(38, '94, rue Descartes', 30),
	(39, '1226 Shoe St.', 8),
	(40, '1399 Firestone Drive', 8),
	(41, '1902 Santa Cruz', 8),
	(42, '1970 Napa Ct.', 8),
	(43, '250 Race Court', 8),
	(44, '5672 Hale Dr.', 8),
	(45, '5747 Shirley Drive', 8),
	(46, '6387 Scenic Avenue', 8),
	(47, '6872 Thornwood Dr.', 8),
	(48, '7484 Roundtree Drive', 8),
	(49, '8157 W. Book', 8),
	(50, '9539 Glenside Dr', 8),
	(51, '9833 Mt. Dias Blv.', 8),
	(52, '10203 Acorn Avenue', 2),
	(53, '3997 Via De Luna', 23),
	(54, 'Downshire Way', 23),
	(55, '1411 Ranch Drive', 15),
	(56, '3074 Arbor Drive', 15),
	(57, '390 Ridgewood Ct.', 15),
	(58, '9666 Northridge Ct.', 15),
	(59, '9752 Jeanne Circle', 15),
	(60, '8154 Via Mexico', 27),
	(61, '80 Sunview Terrace', 26),
	(62, '1825 Corte Del Prado', 17),
	(63, '2598 La Vista Circle', 17),
	(64, '3421 Bouncing Road', 17),
	(65, '3977 Central Avenue', 17),
	(66, '5086 Nottingham Place', 17),
	(67, '5379 Treasure Island Way', 17),
	(68, '8209 Green View Court', 17),
	(69, '8463 Vista Avenue', 17),
	(70, '9693 Mellowood Street', 17),
	(71, '991 Vista Verde', 17),
	(72, '1061 Buskrik Avenue', 3),
	(73, '172 Turning Dr.', 3),
	(74, '2038 Encino Drive', 3),
	(75, '2046 Las Palmas', 3),
	(76, '2059 Clay Rd', 3),
	(77, '207 Berry Court', 3),
	(78, '2080 Sycamore Drive', 3),
	(79, '2466 Clearland Circle', 3),
	(80, '2687 Ridge Road', 3),
	(81, '2812 Mazatlan', 3),
	(82, '3026 Anchor Drive', 3),
	(83, '3281 Hillview Dr.', 3),
	(84, '3632 Bank Way', 3),
	(85, '371 Apple Dr.', 3),
	(86, '504 O St.', 3),
	(87, '5423 Champion Rd.', 3),
	(88, '6057 Hill Street', 3),
	(89, '6870 D Bel Air Drive', 3),
	(90, '7338 Green St.', 3),
	(91, '7511 Cooper Dr.', 3),
	(92, '8152 Claudia Dr.', 3),
	(93, '8411 Mt. Orange Place', 3),
	(94, '9277 Country View Lane', 3),
	(95, '9784 Mt Etna Drive', 3),
	(96, '9825 Coralie Drive', 3),
	(97, '1185 Dallas Drive', 7),
	(98, '1362 Somerset Place', 7),
	(99, '181 Gaining Drive', 7),
	(100, '1962 Cotton Ct.', 7),
	(101, '2176 Apollo Way', 7),
	(102, '2294 West 39th St.', 7),
	(103, '3238 Laguna Circle', 7),
	(104, '3385 Crestview Drive', 7),
	(105, '3665 Oak Creek Ct.', 7),
	(106, '3928 San Francisco', 7),
	(107, '475 Santa Maria', 7),
	(108, '5242 Marvelle Ln.', 7),
	(109, '5452 Corte Gilberto', 7),
	(110, '6629 Polson Circle', 7),
	(111, '7640 First Ave.', 7),
	(112, '7883 Missing Canyon Court', 7),
	(113, '8624 Pepper Way', 7),
	(114, '9241 St George Dr.', 7),
	(115, '213 Stonewood Drive', 18),
	(116, '2425 Notre Dame Ave', 18),
	(117, '3884 Beauty Street', 18),
	(118, '8036 Summit View Dr.', 18),
	(119, '9605 Pheasant Circle', 18),
	(120, '1245 Clay Road', 10),
	(121, '1748 Bird Drive', 10),
	(122, '310 Winter Lane', 10),
	(123, '3127 El Camino Drive', 10),
	(124, '3514 Sunshine', 10),
	(125, '1144 Paradise Ct.', 6),
	(126, '1921 Ranch Road', 6),
	(127, '3333 Madhatter Circle', 6),
	(128, '342 San Simeon', 6),
	(129, '3848 East 39th Street', 6),
	(130, '5256 Chickpea Ct.', 6),
	(131, '5979 El Pueblo', 6),
	(132, '6580 Poor Ridge Court', 6),
	(133, '7435 Ricardo', 6),
	(134, '7691 Benedict Ct.', 6),
	(135, '7772 Golden Meadow', 6),
	(136, '8585 Los Gatos Ct.', 6),
	(137, '9314 Icicle Way', 6),
	(138, '9530 Vine Lane', 6),
	(139, '989 Crown Ct', 6),
	(140, '25 95th Ave NE', 20),
	(141, '4095 Cooper Dr.', 20),
	(142, '4155 Working Drive', 20),
	(143, '463 H Stagecoach Rd.', 20),
	(144, '5050 Mt. Wilson Way', 20),
	(145, '5203 Virginia Lane', 20),
	(146, '5458 Gladstone Drive', 20),
	(147, '5553 Cash Avenue', 20),
	(148, '5669 Ironwood Way', 20),
	(149, '6697 Ridge Park Drive', 20),
	(150, '7048 Laurel', 20),
	(151, '8192 Seagull Court', 20),
	(152, '350 Pastel Drive', 22),
	(153, '34 Waterloo Road', 21),
	(154, '8291 Crossbow Way', 28),
	(155, '5678 Lakeview Blvd.', 24),
	(156, '1356 Grove Way', 12),
	(157, '158 Walnut Ave', 12),
	(158, '1792 Belmont Rd.', 12),
	(159, '2275 Valley Blvd.', 12),
	(160, '3747 W. Landing Avenue', 12),
	(161, '3841 Silver Oaks Place', 12),
	(162, '4566 La Jolla', 12),
	(163, '4734 Sycamore Court', 12),
	(164, '5030 Blue Ridge Dr.', 12),
	(165, '5734 Ashford Court', 12),
	(166, '7726 Driftwood Drive', 12),
	(167, '8310 Ridge Circle', 12),
	(168, '896 Southdale', 12),
	(169, '9652 Los Angeles', 12),
	(170, '2487 Riverside Drive', 19),
	(171, '1397 Paradise Ct.', 14),
	(172, '1400 Gate Drive', 14),
	(173, '3030 Blackburn Ct.', 14),
	(174, '4350 Minute Dr.', 14),
	(175, '8967 Hamilton Ave.', 14),
	(176, '9297 Kenston Dr.', 14),
	(177, '9687 Shakespeare Drive', 14),
	(178, '9100 Sheppard Avenue North', 29),
	(179, '636 Vine Hill Way', 25),
	(180, '101 Candy Rd.', 1),
	(181, '1275 West Street', 1),
	(182, '2137 Birchwood Dr', 1),
	(183, '2383 Pepper Drive', 1),
	(184, '2427 Notre Dame Ave.', 1),
	(185, '2482 Buckingham Dr.', 1),
	(186, '3066 Wallace Dr.', 1),
	(187, '3397 Rancho View Drive', 1),
	(188, '3768 Door Way', 1),
	(189, '4909 Poco Lane', 1),
	(190, '6369 Ellis Street', 1),
	(191, '6891 Ham Drive', 1),
	(192, '7297 RisingView', 1),
	(193, '8000 Crane Court', 1),
	(194, '8040 Hill Ct', 1),
	(195, '8467 Clifford Court', 1),
	(196, '9006 Woodside Way', 1),
	(197, '9322 Driving Drive', 1),
	(198, '9863 Ridge Place', 1),
	(199, '9882 Clay Rde', 1),
	(200, '9906 Oak Grove Road', 1),
	(201, '1378 String Dr', 13),
	(202, '1803 Olive Hill', 13),
	(203, '2176 Brown Street', 13),
	(204, '2266 Greenwood Circle', 13),
	(205, '2598 Breck Court', 13),
	(206, '2736 Scramble Rd', 13),
	(207, '4312 Cambridge Drive', 13),
	(208, '5009 Orange Street', 13),
	(209, '5670 Bel Air Dr.', 13),
	(210, '5980 Icicle Circle', 13),
	(211, '6510 Hacienda Drive', 13),
	(212, '6937 E. 42nd Street', 13),
	(213, '7165 Brock Lane', 13),
	(214, '7559 Worth Ct.', 13),
	(215, '7985 Center Street', 13),
	(216, '9495 Limewood Place', 13),
	(217, '9533 Working Drive', 13),
	(218, '177 11th Ave', 16),
	(219, '1962 Ferndale Lane', 16),
	(220, '2473 Orchard Way', 16),
	(221, '4096 San Remo', 16),
	(222, '4310 Kenston Dr.', 16),
	(223, '4444 Pepper Way', 16),
	(224, '4525 Benedict Ct.', 16),
	(225, '5263 Etcheverry Dr', 16),
	(226, '535 Greendell Pl', 16),
	(227, '6871 Thornwood Dr.', 16),
	(228, '6951 Harmony Way', 16),
	(229, '7086 O St.', 16),
	(230, '7145 Matchstick Drive', 16),
	(231, '7820 Bird Drive', 16),
	(232, '7939 Bayview Court', 16),
	(233, '8316 La Salle St.', 16),
	(234, '9104 Mt. Sequoia Ct.', 16),
	(235, '1234 Seaside Way', 9),
	(236, '5725 Glaze Drive', 9),
	(237, '1064 Slow Creek Road', 4),
	(238, '1102 Ravenwood', 4),
	(239, '1220 Bradford Way', 4),
	(240, '1349 Steven Way', 4),
	(241, '136 Balboa Court', 4),
	(242, '137 Mazatlan', 4),
	(243, '1398 Yorba Linda', 4),
	(244, '1619 Stillman Court', 4),
	(245, '2144 San Rafael', 4),
	(246, '2354 Frame Ln.', 4),
	(247, '2639 Anchor Court', 4),
	(248, '3029 Pastime Dr', 4),
	(249, '3243 Buckingham Dr.', 4),
	(250, '426 San Rafael', 4),
	(251, '4598 Manila Avenue', 4),
	(252, '4948 West 4th St', 4),
	(253, '502 Alexander Pl.', 4),
	(254, '5025 Holiday Hills', 4),
	(255, '5125 Cotton Ct.', 4),
	(256, '5375 Clearland Circle', 4),
	(257, '5376 Catanzaro Way', 4),
	(258, '5407 Cougar Way', 4),
	(259, '5666 Hazelnut Lane', 4),
	(260, '5802 Ampersand Drive', 4),
	(261, '6498 Mining Rd.', 4),
	(262, '6578 Woodhaven Ln.', 4),
	(263, '6657 Sand Pointe Lane', 4),
	(264, '6843 San Simeon Dr.', 4),
	(265, '7126 Ending Ct.', 4),
	(266, '7127 Los Gatos Court', 4),
	(267, '7166 Brock Lane', 4),
	(268, '7403 N. Broadway', 4),
	(269, '7439 Laguna Niguel', 4),
	(270, '7594 Alexander Pl.', 4),
	(271, '7616 Honey Court', 4),
	(272, '77 Birchwood', 4),
	(273, '7765 Sunsine Drive', 4),
	(274, '7842 Ygnacio Valley Road', 4),
	(275, '8290 Margaret Ct.', 4),
	(276, '8656 Lakespring Place', 4),
	(277, '874 Olivera Road', 4),
	(278, '931 Corte De Luna', 4),
	(279, '9537 Ridgewood Drive', 4),
	(280, '9964 North Ridge Drive', 4),
	(281, '1285 Greenbrier Street', 11),
	(282, '2115 Passing', 11),
	(283, '2601 Cambridge Drive', 11),
	(284, '3114 Notre Dame Ave.', 11),
	(285, '3280 Pheasant Circle', 11),
	(286, '4231 Spar Court', 11),
	(287, '4852 Chaparral Court', 11),
	(288, '5724 Victory Lane', 11),
	(289, '591 Merriewood Drive', 11),
	(290, '7230 Vine Maple Street', 11),
	(291, '163 Nishava Str, ent A, apt. 1', 32);
/*!40000 ALTER TABLE `addresses` ENABLE KEYS */;

-- Dumping structure for table telerikacademy.departments
CREATE TABLE IF NOT EXISTS `departments` (
  `department_id` int(11) NOT NULL AUTO_INCREMENT,
  `name` varchar(50) NOT NULL,
  `manager_id` int(11) NOT NULL,
  PRIMARY KEY (`department_id`) USING BTREE,
  KEY `FK_departments_employees` (`manager_id`) USING BTREE,
  CONSTRAINT `FK_departments_employees` FOREIGN KEY (`manager_id`) REFERENCES `employees` (`employee_id`)
) ENGINE=InnoDB AUTO_INCREMENT=17 DEFAULT CHARSET=utf8mb4;

-- Dumping data for table telerikacademy.departments: ~16 rows (approximately)
DELETE FROM `departments`;
/*!40000 ALTER TABLE `departments` DISABLE KEYS */;
INSERT INTO `departments` (`department_id`, `name`, `manager_id`) VALUES
	(1, 'Engineering', 12),
	(2, 'Tool Design', 4),
	(3, 'Sales', 273),
	(4, 'Marketing', 46),
	(5, 'Purchasing', 6),
	(6, 'Research and Development', 42),
	(7, 'Production', 148),
	(8, 'Production Control', 21),
	(9, 'Human Resources', 30),
	(10, 'Finance', 3),
	(11, 'Information Services', 42),
	(12, 'Document Control', 90),
	(13, 'Quality Assurance', 274),
	(14, 'Facilities and Maintenance', 218),
	(15, 'Shipping and Receiving', 85),
	(16, 'Executive', 109);
/*!40000 ALTER TABLE `departments` ENABLE KEYS */;

-- Dumping structure for table telerikacademy.employees
CREATE TABLE IF NOT EXISTS `employees` (
  `employee_id` int(11) NOT NULL AUTO_INCREMENT,
  `first_name` varchar(50) NOT NULL,
  `last_name` varchar(50) NOT NULL,
  `middle_name` varchar(50) DEFAULT NULL,
  `job_title` varchar(50) NOT NULL,
  `department_id` int(11) NOT NULL,
  `manager_id` int(11) DEFAULT NULL,
  `hire_date` datetime NOT NULL,
  `salary` decimal(19,4) NOT NULL,
  `address_id` int(11) DEFAULT NULL,
  PRIMARY KEY (`employee_id`) USING BTREE,
  KEY `FK_employees_departments` (`department_id`) USING BTREE,
  KEY `FK_employees_addresses` (`address_id`) USING BTREE,
  KEY `FK_employees_employees` (`manager_id`) USING BTREE,
  CONSTRAINT `FK_employees_addresses` FOREIGN KEY (`address_id`) REFERENCES `addresses` (`address_id`),
  CONSTRAINT `FK_employees_departments` FOREIGN KEY (`department_id`) REFERENCES `departments` (`department_id`),
  CONSTRAINT `FK_employees_employees` FOREIGN KEY (`manager_id`) REFERENCES `employees` (`employee_id`)
) ENGINE=InnoDB AUTO_INCREMENT=294 DEFAULT CHARSET=utf8mb4;

-- Dumping data for table telerikacademy.employees: ~293 rows (approximately)
DELETE FROM `employees`;
/*!40000 ALTER TABLE `employees` DISABLE KEYS */;
INSERT INTO `employees` (`employee_id`, `first_name`, `last_name`, `middle_name`, `job_title`, `department_id`, `manager_id`, `hire_date`, `salary`, `address_id`) VALUES
	(1, 'Guy', 'Gilbert', 'R', 'Production Technician', 7, 16, '1998-07-31 00:00:00', 12500.0000, 166),
	(2, 'Kevin', 'Brown', 'F', 'Marketing Assistant', 4, 6, '1999-02-26 00:00:00', 13500.0000, 102),
	(3, 'Roberto', 'Tamburello', NULL, 'Engineering Manager', 1, 12, '1999-12-12 00:00:00', 43300.0000, 193),
	(4, 'Rob', 'Walters', NULL, 'Senior Tool Designer', 2, 3, '2000-01-05 00:00:00', 29800.0000, 155),
	(5, 'Thierry', 'D\'Hers', 'B', 'Tool Designer', 2, 263, '2000-01-11 00:00:00', 25000.0000, 40),
	(6, 'David', 'Bradley', 'M', 'Marketing Manager', 5, 109, '2000-01-20 00:00:00', 37500.0000, 199),
	(7, 'JoLynn', 'Dobney', 'M', 'Production Supervisor', 7, 21, '2000-01-26 00:00:00', 25000.0000, 275),
	(8, 'Ruth', 'Ellerbrock', 'Ann', 'Production Technician', 7, 185, '2000-02-06 00:00:00', 13500.0000, 108),
	(9, 'Gail', 'Erickson', 'A', 'Design Engineer', 1, 3, '2000-02-06 00:00:00', 32700.0000, 22),
	(10, 'Barry', 'Johnson', 'K', 'Production Technician', 7, 185, '2000-02-07 00:00:00', 13500.0000, 285),
	(11, 'Jossef', 'Goldberg', 'H', 'Design Engineer', 1, 3, '2000-02-24 00:00:00', 32700.0000, 214),
	(12, 'Terri', 'Duffy', 'Lee', 'Vice President of Engineering', 1, 109, '2000-03-03 00:00:00', 63500.0000, 209),
	(13, 'Sidney', 'Higa', 'M', 'Production Technician', 7, 185, '2000-03-05 00:00:00', 13500.0000, 73),
	(14, 'Taylor', 'Maxwell', 'R', 'Production Supervisor', 7, 21, '2000-03-11 00:00:00', 25000.0000, 82),
	(15, 'Jeffrey', 'Ford', 'L', 'Production Technician', 7, 185, '2000-03-23 00:00:00', 13500.0000, 156),
	(16, 'Jo', 'Brown', 'A', 'Production Supervisor', 7, 21, '2000-03-30 00:00:00', 25000.0000, 70),
	(17, 'Doris', 'Hartwig', 'M', 'Production Technician', 7, 185, '2000-04-11 00:00:00', 13500.0000, 144),
	(18, 'John', 'Campbell', 'T', 'Production Supervisor', 7, 21, '2000-04-18 00:00:00', 25000.0000, 245),
	(19, 'Diane', 'Glimp', 'R', 'Production Technician', 7, 185, '2000-04-29 00:00:00', 13500.0000, 184),
	(20, 'Steven', 'Selikoff', 'T', 'Production Technician', 7, 173, '2001-01-02 00:00:00', 9500.0000, 104),
	(21, 'Peter', 'Krebs', 'J', 'Production Control Manager', 8, 148, '2001-01-02 00:00:00', 24500.0000, 11),
	(22, 'Stuart', 'Munson', 'V', 'Production Technician', 7, 197, '2001-01-03 00:00:00', 10000.0000, 36),
	(23, 'Greg', 'Alderson', 'F', 'Production Technician', 7, 197, '2001-01-03 00:00:00', 10000.0000, 18),
	(24, 'David', 'Johnson', 'N', 'Production Technician', 7, 184, '2001-01-03 00:00:00', 9500.0000, 142),
	(25, 'Zheng', 'Mu', 'W', 'Production Supervisor', 7, 21, '2001-01-04 00:00:00', 25000.0000, 278),
	(26, 'Ivo', 'Salmre', 'William', 'Production Technician', 7, 108, '2001-01-05 00:00:00', 14000.0000, 165),
	(27, 'Paul', 'Komosinski', 'B', 'Production Technician', 7, 87, '2001-01-05 00:00:00', 15000.0000, 32),
	(28, 'Ashvini', 'Sharma', 'R', 'Network Administrator', 11, 150, '2001-01-05 00:00:00', 32500.0000, 133),
	(29, 'Kendall', 'Keil', 'C', 'Production Technician', 7, 14, '2001-01-06 00:00:00', 11000.0000, 257),
	(30, 'Paula', 'Barreto de Mattos', 'M', 'Human Resources Manager', 9, 140, '2001-01-07 00:00:00', 27100.0000, 2),
	(31, 'Alejandro', 'McGuel', 'E', 'Production Technician', 7, 210, '2001-01-07 00:00:00', 15000.0000, 274),
	(32, 'Garrett', 'Young', 'R', 'Production Technician', 7, 184, '2001-01-08 00:00:00', 9500.0000, 283),
	(33, 'Jian Shuo', 'Wang', NULL, 'Production Technician', 7, 135, '2001-01-08 00:00:00', 9500.0000, 160),
	(34, 'Susan', 'Eaton', 'W', 'Stocker', 15, 85, '2001-01-08 00:00:00', 9000.0000, 204),
	(35, 'Vamsi', 'Kuppa', 'N', 'Shipping and Receiving Clerk', 15, 85, '2001-01-08 00:00:00', 9500.0000, 51),
	(36, 'Alice', 'Ciccu', 'O', 'Production Technician', 7, 38, '2001-01-08 00:00:00', 11000.0000, 284),
	(37, 'Simon', 'Rapier', 'D', 'Production Technician', 7, 7, '2001-01-09 00:00:00', 12500.0000, 64),
	(38, 'Jinghao', 'Liu', 'K', 'Production Supervisor', 7, 21, '2001-01-09 00:00:00', 25000.0000, 55),
	(39, 'Michael', 'Hines', 'T', 'Production Technician', 7, 182, '2001-01-10 00:00:00', 14000.0000, 168),
	(40, 'Yvonne', 'McKay', 'S', 'Production Technician', 7, 159, '2001-01-10 00:00:00', 10000.0000, 107),
	(41, 'Peng', 'Wu', 'J', 'Quality Assurance Supervisor', 13, 200, '2001-01-10 00:00:00', 21600.0000, 39),
	(42, 'Jean', 'Trenary', 'E', 'Information Services Manager', 11, 109, '2001-01-12 00:00:00', 50500.0000, 194),
	(43, 'Russell', 'Hunter', NULL, 'Production Technician', 7, 74, '2001-01-13 00:00:00', 11000.0000, 258),
	(44, 'A. Scott', 'Wright', NULL, 'Master Scheduler', 8, 148, '2001-01-13 00:00:00', 23600.0000, 172),
	(45, 'Fred', 'Northup', 'T', 'Production Technician', 7, 210, '2001-01-13 00:00:00', 15000.0000, 282),
	(46, 'Sariya', 'Harnpadoungsataya', 'E', 'Marketing Specialist', 4, 6, '2001-01-13 00:00:00', 14400.0000, 106),
	(47, 'Willis', 'Johnson', 'T', 'Recruiter', 9, 30, '2001-01-14 00:00:00', 18300.0000, 99),
	(48, 'Jun', 'Cao', 'T', 'Production Technician', 7, 38, '2001-01-15 00:00:00', 11000.0000, 197),
	(49, 'Christian', 'Kleinerman', 'E', 'Maintenance Supervisor', 14, 218, '2001-01-15 00:00:00', 20400.0000, 118),
	(50, 'Susan', 'Metters', 'A', 'Production Technician', 7, 184, '2001-01-15 00:00:00', 9500.0000, 224),
	(51, 'Reuben', 'D\'sa', 'H', 'Production Supervisor', 7, 21, '2001-01-16 00:00:00', 25000.0000, 249),
	(52, 'Kirk', 'Koenigsbauer', 'J', 'Production Technician', 7, 123, '2001-01-16 00:00:00', 10000.0000, 250),
	(53, 'David', 'Ortiz', 'J', 'Production Technician', 7, 18, '2001-01-16 00:00:00', 12500.0000, 267),
	(54, 'Tengiz', 'Kharatishvili', 'N', 'Control Specialist', 12, 90, '2001-01-17 00:00:00', 16800.0000, 129),
	(55, 'Hanying', 'Feng', 'P', 'Production Technician', 7, 143, '2001-01-17 00:00:00', 14000.0000, 182),
	(56, 'Kevin', 'Liu', 'H', 'Production Technician', 7, 210, '2001-01-18 00:00:00', 15000.0000, 259),
	(57, 'Annik', 'Stahl', 'O', 'Production Technician', 7, 16, '2001-01-18 00:00:00', 12500.0000, 262),
	(58, 'Suroor', 'Fatima', 'R', 'Production Technician', 7, 38, '2001-01-18 00:00:00', 11000.0000, 86),
	(59, 'Deborah', 'Poe', 'E', 'Accounts Receivable Specialist', 10, 139, '2001-01-19 00:00:00', 19000.0000, 103),
	(60, 'Jim', 'Scardelis', 'H', 'Production Technician', 7, 74, '2001-01-20 00:00:00', 11000.0000, 88),
	(61, 'Carole', 'Poland', 'M', 'Production Technician', 7, 173, '2001-01-20 00:00:00', 9500.0000, 72),
	(62, 'George', 'Li', 'Z', 'Production Technician', 7, 184, '2001-01-22 00:00:00', 9500.0000, 58),
	(63, 'Gary', 'Yukish', 'W', 'Production Technician', 7, 87, '2001-01-23 00:00:00', 15000.0000, 80),
	(64, 'Cristian', 'Petculescu', 'K', 'Production Supervisor', 7, 21, '2001-01-23 00:00:00', 25000.0000, 276),
	(65, 'Raymond', 'Sam', 'K', 'Production Technician', 7, 143, '2001-01-24 00:00:00', 14000.0000, 75),
	(66, 'Janaina', 'Bueno', 'Barreiro Gambaro', 'Application Specialist', 11, 42, '2001-01-24 00:00:00', 27400.0000, 131),
	(67, 'Bob', 'Hohman', 'N', 'Production Technician', 7, 14, '2001-01-25 00:00:00', 11000.0000, 44),
	(68, 'Shammi', 'Mohamed', 'G', 'Production Technician', 7, 210, '2001-01-25 00:00:00', 15000.0000, 4),
	(69, 'Linda', 'Moschell', 'K', 'Production Technician', 7, 38, '2001-01-26 00:00:00', 11000.0000, 5),
	(70, 'Mindy', 'Martin', 'C', 'Benefits Specialist', 9, 30, '2001-01-26 00:00:00', 16600.0000, 171),
	(71, 'Wendy', 'Kahn', 'Beth', 'Finance Manager', 10, 140, '2001-01-26 00:00:00', 43300.0000, 232),
	(72, 'Kim', 'Ralls', 'T', 'Stocker', 15, 85, '2001-01-27 00:00:00', 9000.0000, 42),
	(73, 'Sandra', 'Reategui Alayo', NULL, 'Production Technician', 7, 135, '2001-01-27 00:00:00', 9500.0000, 255),
	(74, 'Kok-Ho', 'Loh', 'T', 'Production Supervisor', 7, 21, '2001-01-28 00:00:00', 25000.0000, 10),
	(75, 'Douglas', 'Hite', 'B', 'Production Technician', 7, 159, '2001-01-28 00:00:00', 10000.0000, 57),
	(76, 'James', 'Kramer', 'D', 'Production Technician', 7, 7, '2001-01-28 00:00:00', 12500.0000, 162),
	(77, 'Sean', 'Alexander', 'P', 'Quality Assurance Technician', 13, 41, '2001-01-29 00:00:00', 10600.0000, 210),
	(78, 'Nitin', 'Mirchandani', 'S', 'Production Technician', 7, 182, '2001-01-29 00:00:00', 14000.0000, 231),
	(79, 'Diane', 'Margheim', 'L', 'Research and Development Engineer', 6, 158, '2001-01-30 00:00:00', 40900.0000, 111),
	(80, 'Rebecca', 'Laszlo', 'A', 'Production Technician', 7, 16, '2001-01-30 00:00:00', 12500.0000, 6),
	(81, 'Rajesh', 'Patel', 'M', 'Production Technician', 7, 210, '2001-02-01 00:00:00', 15000.0000, 81),
	(82, 'Vidur', 'Luthra', 'X', 'Recruiter', 9, 30, '2001-02-02 00:00:00', 18300.0000, 176),
	(83, 'John', 'Evans', 'P', 'Production Technician', 7, 38, '2001-02-02 00:00:00', 11000.0000, 253),
	(84, 'Nancy', 'Anderson', 'A', 'Production Technician', 7, 7, '2001-02-03 00:00:00', 12500.0000, 227),
	(85, 'Pilar', 'Ackerman', 'G', 'Shipping and Receiving Supervisor', 15, 21, '2001-02-03 00:00:00', 19200.0000, 269),
	(86, 'David', 'Yalovsky', 'A', 'Production Technician', 7, 184, '2001-02-03 00:00:00', 9500.0000, 241),
	(87, 'David', 'Hamilton', 'P', 'Production Supervisor', 7, 21, '2001-02-04 00:00:00', 25000.0000, 150),
	(88, 'Laura', 'Steele', 'C', 'Production Technician', 7, 123, '2001-02-04 00:00:00', 10000.0000, 62),
	(89, 'Margie', 'Shoop', 'W', 'Production Technician', 7, 16, '2001-02-05 00:00:00', 12500.0000, 92),
	(90, 'Zainal', 'Arifin', 'T', 'Document Control Manager', 12, 200, '2001-02-05 00:00:00', 17800.0000, 128),
	(91, 'Lorraine', 'Nay', 'O', 'Production Technician', 7, 210, '2001-02-05 00:00:00', 15000.0000, 94),
	(92, 'Fadi', 'Fakhouri', 'K', 'Production Technician', 7, 143, '2001-02-05 00:00:00', 14000.0000, 281),
	(93, 'Ryan', 'Cornelsen', 'L', 'Production Technician', 7, 51, '2001-02-06 00:00:00', 15000.0000, 228),
	(94, 'Candy', 'Spoon', 'L', 'Accounts Receivable Specialist', 10, 139, '2001-02-07 00:00:00', 19000.0000, 122),
	(95, 'Nuan', 'Yu', NULL, 'Production Technician', 7, 74, '2001-02-07 00:00:00', 11000.0000, 12),
	(96, 'William', 'Vong', 'S', 'Scheduling Assistant', 8, 44, '2001-02-08 00:00:00', 16000.0000, 35),
	(97, 'Bjorn', 'Rettig', 'M', 'Production Technician', 7, 173, '2001-02-08 00:00:00', 9500.0000, 268),
	(98, 'Scott', 'Gode', 'R', 'Production Technician', 7, 197, '2001-02-09 00:00:00', 10000.0000, 256),
	(99, 'Michael', 'Rothkugel', 'L', 'Production Technician', 7, 87, '2001-02-11 00:00:00', 15000.0000, 93),
	(100, 'Lane', 'Sacksteder', 'M', 'Production Technician', 7, 143, '2001-02-12 00:00:00', 14000.0000, 239),
	(101, 'Pete', 'Male', 'C', 'Production Technician', 7, 14, '2001-02-12 00:00:00', 11000.0000, 273),
	(102, 'Dan', 'Bacon', 'K', 'Application Specialist', 11, 42, '2001-02-12 00:00:00', 27400.0000, 126),
	(103, 'David', 'Barber', 'M', 'Assistant to the Chief Financial Officer', 10, 140, '2001-02-13 00:00:00', 13500.0000, 173),
	(104, 'Lolan', 'Song', 'B', 'Production Technician', 7, 74, '2001-02-13 00:00:00', 11000.0000, 77),
	(105, 'Paula', 'Nartker', 'R', 'Production Technician', 7, 210, '2001-02-13 00:00:00', 15000.0000, 247),
	(106, 'Mary', 'Gibson', 'E', 'Marketing Specialist', 4, 6, '2001-02-13 00:00:00', 14400.0000, 110),
	(107, 'Mindaugas', 'Krapauskas', 'J', 'Production Technician', 7, 38, '2001-02-14 00:00:00', 11000.0000, 74),
	(108, 'Eric', 'Gubbels', NULL, 'Production Supervisor', 7, 21, '2001-02-15 00:00:00', 25000.0000, 85),
	(109, 'Ken', 'Sanchez', 'J', 'Chief Executive Officer', 16, NULL, '2001-02-15 00:00:00', 125500.0000, 177),
	(110, 'Jason', 'Watters', 'M', 'Production Technician', 7, 135, '2001-02-15 00:00:00', 9500.0000, 21),
	(111, 'Mark', 'Harrington', 'L', 'Quality Assurance Technician', 13, 41, '2001-02-16 00:00:00', 10600.0000, 139),
	(112, 'Janeth', 'Esteves', 'M', 'Production Technician', 7, 159, '2001-02-16 00:00:00', 10000.0000, 163),
	(113, 'Marc', 'Ingle', 'J', 'Production Technician', 7, 184, '2001-02-17 00:00:00', 9500.0000, 230),
	(114, 'Gigi', 'Matthew', 'N', 'Research and Development Engineer', 6, 158, '2001-02-17 00:00:00', 40900.0000, 23),
	(115, 'Paul', 'Singh', 'R', 'Production Technician', 7, 108, '2001-02-18 00:00:00', 14000.0000, 16),
	(116, 'Frank', 'Lee', 'T', 'Production Technician', 7, 210, '2001-02-18 00:00:00', 15000.0000, 263),
	(117, 'Francois', 'Ajenstat', 'P', 'Database Administrator', 11, 42, '2001-02-18 00:00:00', 38500.0000, 127),
	(118, 'Diane', 'Tibbott', 'H', 'Production Technician', 7, 14, '2001-02-19 00:00:00', 11000.0000, 140),
	(119, 'Jill', 'Williams', 'A', 'Marketing Specialist', 4, 6, '2001-02-19 00:00:00', 14400.0000, 114),
	(120, 'Angela', 'Barbariol', 'W', 'Production Technician', 7, 38, '2001-02-21 00:00:00', 11000.0000, 91),
	(121, 'Matthias', 'Berndt', 'T', 'Shipping and Receiving Clerk', 15, 85, '2001-02-21 00:00:00', 9500.0000, 201),
	(122, 'Bryan', 'Baker', NULL, 'Production Technician', 7, 7, '2001-02-22 00:00:00', 12500.0000, 166),
	(123, 'Jeff', 'Hay', 'V', 'Production Supervisor', 7, 21, '2001-02-22 00:00:00', 25000.0000, 113),
	(124, 'Eugene', 'Zabokritski', 'R', 'Production Technician', 7, 184, '2001-02-22 00:00:00', 9500.0000, 226),
	(125, 'Barbara', 'Decker', 'S', 'Production Technician', 7, 182, '2001-02-23 00:00:00', 14000.0000, 219),
	(126, 'Chris', 'Preston', 'T', 'Production Technician', 7, 123, '2001-02-23 00:00:00', 10000.0000, 279),
	(127, 'Sean', 'Chai', 'N', 'Document Control Assistant', 12, 90, '2001-02-23 00:00:00', 10300.0000, 138),
	(128, 'Dan', 'Wilson', 'B', 'Database Administrator', 11, 42, '2001-02-23 00:00:00', 38500.0000, 30),
	(129, 'Mark', 'McArthur', 'K', 'Production Technician', 7, 16, '2001-02-24 00:00:00', 12500.0000, 186),
	(130, 'Bryan', 'Walton', 'A', 'Accounts Receivable Specialist', 10, 139, '2001-02-25 00:00:00', 19000.0000, 175),
	(131, 'Houman', 'Pournasseh', 'N', 'Production Technician', 7, 74, '2001-02-26 00:00:00', 11000.0000, 185),
	(132, 'Sairaj', 'Uddin', 'L', 'Scheduling Assistant', 8, 44, '2001-02-27 00:00:00', 16000.0000, 190),
	(133, 'Michiko', 'Osada', 'F', 'Production Technician', 7, 173, '2001-02-27 00:00:00', 9500.0000, 229),
	(134, 'Benjamin', 'Martin', 'R', 'Production Technician', 7, 184, '2001-02-28 00:00:00', 9500.0000, 286),
	(135, 'Cynthia', 'Randall', 'S', 'Production Supervisor', 7, 21, '2001-02-28 00:00:00', 25000.0000, 147),
	(136, 'Kathie', 'Flood', 'E', 'Production Technician', 7, 197, '2001-02-28 00:00:00', 10000.0000, 100),
	(137, 'Britta', 'Simon', 'L', 'Production Technician', 7, 16, '2001-03-02 00:00:00', 12500.0000, 95),
	(138, 'Brian', 'Lloyd', 'T', 'Production Technician', 7, 210, '2001-03-02 00:00:00', 15000.0000, 288),
	(139, 'David', 'Liu', 'J', 'Accounts Manager', 10, 140, '2001-03-03 00:00:00', 34700.0000, 119),
	(140, 'Laura', 'Norman', 'F', 'Chief Financial Officer', 16, 109, '2001-03-04 00:00:00', 60100.0000, 215),
	(141, 'Michael', 'Patten', 'W', 'Production Technician', 7, 38, '2001-03-04 00:00:00', 11000.0000, 96),
	(142, 'Andy', 'Ruth', 'M', 'Production Technician', 7, 135, '2001-03-04 00:00:00', 9500.0000, 1),
	(143, 'Yuhong', 'Li', 'L', 'Production Supervisor', 7, 21, '2001-03-05 00:00:00', 25000.0000, 242),
	(144, 'Robert', 'Rounthwaite', 'J', 'Production Technician', 7, 159, '2001-03-06 00:00:00', 10000.0000, 280),
	(145, 'Andreas', 'Berglund', 'T', 'Quality Assurance Technician', 13, 41, '2001-03-06 00:00:00', 10600.0000, 208),
	(146, 'Reed', 'Koch', 'T', 'Production Technician', 7, 184, '2001-03-06 00:00:00', 9500.0000, 191),
	(147, 'Linda', 'Randall', 'A', 'Production Technician', 7, 143, '2001-03-07 00:00:00', 14000.0000, 260),
	(148, 'James', 'Hamilton', 'R', 'Vice President of Production', 7, 109, '2001-03-07 00:00:00', 84100.0000, 158),
	(149, 'Ramesh', 'Meyyappan', 'V', 'Application Specialist', 11, 42, '2001-03-07 00:00:00', 27400.0000, 130),
	(150, 'Stephanie', 'Conroy', 'A', 'Network Manager', 11, 42, '2001-03-08 00:00:00', 39700.0000, 136),
	(151, 'Samantha', 'Smith', 'H', 'Production Technician', 7, 108, '2001-03-08 00:00:00', 14000.0000, 14),
	(152, 'Tawana', 'Nusbaum', 'G', 'Production Technician', 7, 210, '2001-03-09 00:00:00', 15000.0000, 237),
	(153, 'Denise', 'Smith', 'H', 'Production Technician', 7, 14, '2001-03-09 00:00:00', 11000.0000, 143),
	(154, 'Hao', 'Chen', 'O', 'Human Resources Administrative Assistant', 9, 30, '2001-03-10 00:00:00', 13900.0000, 135),
	(155, 'Alex', 'Nayberg', 'M', 'Production Technician', 7, 123, '2001-03-12 00:00:00', 10000.0000, 174),
	(156, 'Eugene', 'Kogan', 'O', 'Production Technician', 7, 7, '2001-03-12 00:00:00', 12500.0000, 71),
	(157, 'Brandon', 'Heidepriem', 'G', 'Production Technician', 7, 16, '2001-03-12 00:00:00', 12500.0000, 189),
	(158, 'Dylan', 'Miller', 'A', 'Research and Development Manager', 6, 3, '2001-03-12 00:00:00', 50500.0000, 141),
	(159, 'Shane', 'Kim', 'S', 'Production Supervisor', 7, 21, '2001-03-12 00:00:00', 25000.0000, 20),
	(160, 'John', 'Chen', 'Y', 'Production Technician', 7, 182, '2001-03-13 00:00:00', 14000.0000, 65),
	(161, 'Karen', 'Berge', 'R', 'Document Control Assistant', 12, 90, '2001-03-13 00:00:00', 10300.0000, 123),
	(162, 'Jose', 'Lugo', 'R', 'Production Technician', 7, 16, '2001-03-14 00:00:00', 12500.0000, 271),
	(163, 'Mandar', 'Samant', 'H', 'Production Technician', 7, 74, '2001-03-14 00:00:00', 11000.0000, 63),
	(164, 'Mikael', 'Sandberg', 'Q', 'Buyer', 5, 274, '2001-03-14 00:00:00', 18300.0000, 50),
	(165, 'Sameer', 'Tejani', 'A', 'Production Technician', 7, 74, '2001-03-15 00:00:00', 11000.0000, 66),
	(166, 'Dragan', 'Tomic', 'K', 'Accounts Payable Specialist', 10, 139, '2001-03-15 00:00:00', 19000.0000, 115),
	(167, 'Carol', 'Philips', 'M', 'Production Technician', 7, 173, '2001-03-16 00:00:00', 9500.0000, 45),
	(168, 'Rob', 'Caron', 'T', 'Production Technician', 7, 87, '2001-03-17 00:00:00', 15000.0000, 161),
	(169, 'Don', 'Hall', 'L', 'Production Technician', 7, 38, '2001-03-17 00:00:00', 11000.0000, 59),
	(170, 'Alan', 'Brewer', 'J', 'Scheduling Assistant', 8, 44, '2001-03-17 00:00:00', 16000.0000, 151),
	(171, 'David', 'Lawrence', 'Oliver', 'Production Technician', 7, 184, '2001-03-18 00:00:00', 9500.0000, 167),
	(172, 'Baris', 'Cetinok', 'F', 'Production Technician', 7, 87, '2001-03-19 00:00:00', 15000.0000, 244),
	(173, 'Michael', 'Ray', 'Sean', 'Production Supervisor', 7, 21, '2001-03-19 00:00:00', 25000.0000, 277),
	(174, 'Steve', 'Masters', 'F', 'Production Technician', 7, 18, '2001-03-19 00:00:00', 12500.0000, 252),
	(175, 'Suchitra', 'Mohan', 'O', 'Production Technician', 7, 16, '2001-03-20 00:00:00', 12500.0000, 31),
	(176, 'Karen', 'Berg', 'A', 'Application Specialist', 11, 42, '2001-03-20 00:00:00', 27400.0000, 132),
	(177, 'Terrence', 'Earls', 'W', 'Production Technician', 7, 143, '2001-03-20 00:00:00', 14000.0000, 34),
	(178, 'Barbara', 'Moreland', 'C', 'Accountant', 10, 139, '2001-03-22 00:00:00', 26400.0000, 254),
	(179, 'Chad', 'Niswonger', 'W', 'Production Technician', 7, 38, '2001-03-22 00:00:00', 11000.0000, 46),
	(180, 'Rostislav', 'Shabalin', 'E', 'Production Technician', 7, 135, '2001-03-23 00:00:00', 9500.0000, 9),
	(181, 'Belinda', 'Newman', 'M', 'Production Technician', 7, 197, '2001-03-24 00:00:00', 10000.0000, 43),
	(182, 'Katie', 'McAskill-White', 'L', 'Production Supervisor', 7, 21, '2001-03-24 00:00:00', 25000.0000, 240),
	(183, 'Russell', 'King', 'M', 'Production Technician', 7, 184, '2001-03-25 00:00:00', 9500.0000, 3),
	(184, 'Jack', 'Richins', 'S', 'Production Supervisor', 7, 21, '2001-03-25 00:00:00', 25000.0000, 169),
	(185, 'Andrew', 'Hill', 'R', 'Production Supervisor', 7, 21, '2001-03-26 00:00:00', 25000.0000, 97),
	(186, 'Nicole', 'Holliday', 'B', 'Production Technician', 7, 87, '2001-03-26 00:00:00', 15000.0000, 238),
	(187, 'Frank', 'Miller', 'T', 'Production Technician', 7, 14, '2001-03-27 00:00:00', 11000.0000, 289),
	(188, 'Peter', 'Connelly', 'I', 'Network Administrator', 11, 150, '2001-03-27 00:00:00', 32500.0000, 137),
	(189, 'Anibal', 'Sousa', 'T', 'Production Technician', 7, 108, '2001-03-27 00:00:00', 14000.0000, 183),
	(190, 'Ken', 'Myer', 'L', 'Production Technician', 7, 210, '2001-03-28 00:00:00', 15000.0000, 105),
	(191, 'Grant', 'Culbertson', 'N', 'Human Resources Administrative Assistant', 9, 30, '2001-03-29 00:00:00', 13900.0000, 117),
	(192, 'Michael', 'Entin', 'T', 'Production Technician', 7, 38, '2001-03-29 00:00:00', 11000.0000, 195),
	(193, 'Lionel', 'Penuchot', 'C', 'Production Technician', 7, 159, '2001-03-30 00:00:00', 10000.0000, 261),
	(194, 'Thomas', 'Michaels', 'R', 'Production Technician', 7, 7, '2001-03-30 00:00:00', 12500.0000, 78),
	(195, 'Jimmy', 'Bischoff', 'T', 'Stocker', 15, 85, '2001-03-30 00:00:00', 9000.0000, 206),
	(196, 'Michael', 'Vanderhyde', 'T', 'Production Technician', 7, 135, '2001-03-30 00:00:00', 9500.0000, 90),
	(197, 'Lori', 'Kane', 'A', 'Production Supervisor', 7, 21, '2001-03-30 00:00:00', 25000.0000, 198),
	(198, 'Arvind', 'Rao', 'B', 'Buyer', 5, 274, '2001-04-01 00:00:00', 18300.0000, 212),
	(199, 'Stefen', 'Hesse', 'A', 'Production Technician', 7, 182, '2001-04-01 00:00:00', 14000.0000, 68),
	(200, 'Hazem', 'Abolrous', 'E', 'Quality Assurance Manager', 13, 148, '2001-04-01 00:00:00', 28800.0000, 148),
	(201, 'Janet', 'Sheperdigian', 'L', 'Accounts Payable Specialist', 10, 139, '2001-04-02 00:00:00', 19000.0000, 218),
	(202, 'Elizabeth', 'Keyser', 'I', 'Production Technician', 7, 74, '2001-04-03 00:00:00', 11000.0000, 152),
	(203, 'Terry', 'Eminhizer', 'J', 'Marketing Specialist', 4, 6, '2001-04-03 00:00:00', 14400.0000, 19),
	(204, 'John', 'Frum', 'N', 'Production Technician', 7, 184, '2001-04-04 00:00:00', 9500.0000, 112),
	(205, 'Merav', 'Netz', 'A', 'Production Technician', 7, 173, '2001-04-04 00:00:00', 9500.0000, 270),
	(206, 'Brian', 'LaMee', 'P', 'Scheduling Assistant', 8, 44, '2001-04-04 00:00:00', 16000.0000, 109),
	(207, 'Kitti', 'Lertpiriyasuwat', 'H', 'Production Technician', 7, 38, '2001-04-05 00:00:00', 11000.0000, 272),
	(208, 'Jay', 'Adams', 'G', 'Production Technician', 7, 18, '2001-04-06 00:00:00', 12500.0000, 157),
	(209, 'Jan', 'Miksovsky', 'S', 'Production Technician', 7, 184, '2001-04-06 00:00:00', 9500.0000, 101),
	(210, 'Brenda', 'Diaz', 'M', 'Production Supervisor', 7, 21, '2001-04-06 00:00:00', 25000.0000, 251),
	(211, 'Andrew', 'Cencini', 'M', 'Production Technician', 7, 123, '2001-04-07 00:00:00', 10000.0000, 233),
	(212, 'Chris', 'Norred', 'K', 'Control Specialist', 12, 90, '2001-04-07 00:00:00', 16800.0000, 125),
	(213, 'Chris', 'Okelberry', 'O', 'Production Technician', 7, 16, '2001-04-08 00:00:00', 12500.0000, 188),
	(214, 'Shelley', 'Dyck', 'N', 'Production Technician', 7, 143, '2001-04-08 00:00:00', 14000.0000, 164),
	(215, 'Gabe', 'Mares', 'B', 'Production Technician', 7, 210, '2001-04-09 00:00:00', 15000.0000, 87),
	(216, 'Mike', 'Seamans', 'K', 'Accountant', 10, 139, '2001-04-09 00:00:00', 26400.0000, 120),
	(217, 'Michael', 'Raheem', NULL, 'Research and Development Manager', 6, 158, '2001-06-04 00:00:00', 42500.0000, 236),
	(218, 'Gary', 'Altman', 'E.', 'Facilities Manager', 14, 148, '2002-01-03 00:00:00', 24000.0000, 203),
	(219, 'Charles', 'Fitzgerald', 'B', 'Production Technician', 7, 18, '2002-01-04 00:00:00', 12500.0000, 223),
	(220, 'Ebru', 'Ersan', 'N', 'Production Technician', 7, 25, '2002-01-07 00:00:00', 13500.0000, 225),
	(221, 'Sylvester', 'Valdez', 'A', 'Production Technician', 7, 108, '2002-01-12 00:00:00', 14000.0000, 25),
	(222, 'Brian', 'Goldstein', 'Richard', 'Production Technician', 7, 51, '2002-01-12 00:00:00', 15000.0000, 48),
	(223, 'Linda', 'Meisner', 'P', 'Buyer', 5, 274, '2002-01-18 00:00:00', 18300.0000, 28),
	(224, 'Betsy', 'Stadick', 'A', 'Production Technician', 7, 64, '2002-01-19 00:00:00', 13500.0000, 47),
	(225, 'Magnus', 'Hedlund', 'E', 'Facilities Administrative Assistant', 14, 218, '2002-01-22 00:00:00', 9800.0000, 211),
	(226, 'Karan', 'Khanna', 'R', 'Production Technician', 7, 18, '2002-01-23 00:00:00', 12500.0000, 248),
	(227, 'Mary', 'Baker', 'R', 'Production Technician', 7, 25, '2002-01-26 00:00:00', 13500.0000, 246),
	(228, 'Kevin', 'Homer', 'M', 'Production Technician', 7, 25, '2002-01-26 00:00:00', 13500.0000, 29),
	(229, 'Mihail', 'Frintu', 'U', 'Production Technician', 7, 51, '2002-01-30 00:00:00', 15000.0000, 89),
	(230, 'Bonnie', 'Kearney', 'N', 'Production Technician', 7, 185, '2002-02-02 00:00:00', 13500.0000, 287),
	(231, 'Fukiko', 'Ogisu', 'J', 'Buyer', 5, 274, '2002-02-05 00:00:00', 18300.0000, 17),
	(232, 'Hung-Fu', 'Ting', 'T', 'Production Technician', 7, 108, '2002-02-07 00:00:00', 14000.0000, 220),
	(233, 'Gordon', 'Hee', 'L', 'Buyer', 5, 274, '2002-02-12 00:00:00', 18300.0000, 15),
	(234, 'Kimberly', 'Zimmerman', 'B', 'Production Technician', 7, 64, '2002-02-13 00:00:00', 13500.0000, 266),
	(235, 'Kim', 'Abercrombie', 'B', 'Production Technician', 7, 16, '2002-02-17 00:00:00', 12500.0000, 56),
	(236, 'Sandeep', 'Kaliyath', 'P', 'Production Technician', 7, 51, '2002-02-18 00:00:00', 15000.0000, 234),
	(237, 'Prasanna', 'Samarawickrama', 'E', 'Production Technician', 7, 108, '2002-02-23 00:00:00', 14000.0000, 187),
	(238, 'Frank', 'Pellow', 'S', 'Buyer', 5, 274, '2002-02-24 00:00:00', 18300.0000, 213),
	(239, 'Min', 'Su', 'G', 'Production Technician', 7, 108, '2002-02-25 00:00:00', 14000.0000, 24),
	(240, 'Eric', 'Brown', 'L', 'Production Technician', 7, 51, '2002-02-25 00:00:00', 15000.0000, 67),
	(241, 'Eric', 'Kurjan', 'S', 'Buyer', 5, 274, '2002-02-28 00:00:00', 18300.0000, 207),
	(242, 'Pat', 'Coleman', 'H', 'Janitor', 14, 49, '2002-02-28 00:00:00', 9300.0000, 116),
	(243, 'Maciej', 'Dusza', 'W', 'Production Technician', 7, 18, '2002-03-01 00:00:00', 12500.0000, 83),
	(244, 'Erin', 'Hagens', 'M', 'Buyer', 5, 274, '2002-03-03 00:00:00', 18300.0000, 8),
	(245, 'Patrick', 'Wedge', 'C', 'Production Technician', 7, 64, '2002-03-04 00:00:00', 13500.0000, 7),
	(246, 'Frank', 'Martinez', 'R', 'Production Technician', 7, 51, '2002-03-08 00:00:00', 15000.0000, 290),
	(247, 'Ed', 'Dudenhoefer', 'R', 'Production Technician', 7, 16, '2002-03-08 00:00:00', 12500.0000, 243),
	(248, 'Christopher', 'Hill', 'E', 'Production Technician', 7, 25, '2002-03-11 00:00:00', 13500.0000, 41),
	(249, 'Patrick', 'Cook', 'M', 'Production Technician', 7, 51, '2002-03-15 00:00:00', 15000.0000, 264),
	(250, 'Krishna', 'Sunkammurali', NULL, 'Production Technician', 7, 108, '2002-03-16 00:00:00', 14000.0000, 79),
	(251, 'Lori', 'Penor', 'K', 'Janitor', 14, 49, '2002-03-19 00:00:00', 9300.0000, 124),
	(252, 'Danielle', 'Tiedt', 'C', 'Production Technician', 7, 64, '2002-03-23 00:00:00', 13500.0000, 146),
	(253, 'Sootha', 'Charncherngkha', 'T', 'Quality Assurance Technician', 13, 41, '2002-03-26 00:00:00', 10600.0000, 149),
	(254, 'Michael', 'Zwilling', 'J', 'Production Technician', 7, 18, '2002-03-26 00:00:00', 12500.0000, 76),
	(255, 'Randy', 'Reeves', 'T', 'Production Technician', 7, 18, '2002-03-26 00:00:00', 12500.0000, 84),
	(256, 'John', 'Kane', 'T', 'Production Technician', 7, 25, '2002-03-30 00:00:00', 13500.0000, 69),
	(257, 'Jack', 'Creasey', 'T', 'Production Technician', 7, 51, '2002-04-03 00:00:00', 15000.0000, 265),
	(258, 'Olinda', 'Turner', 'C', 'Production Technician', 7, 108, '2002-04-04 00:00:00', 14000.0000, 33),
	(259, 'Stuart', 'Macrae', 'J', 'Janitor', 14, 49, '2002-04-05 00:00:00', 9300.0000, 205),
	(260, 'Jo', 'Berry', 'L', 'Janitor', 14, 49, '2002-04-07 00:00:00', 9300.0000, 121),
	(261, 'Ben', 'Miller', 'T', 'Buyer', 5, 274, '2002-04-09 00:00:00', 18300.0000, 192),
	(262, 'Tom', 'Vande Velde', 'M', 'Production Technician', 7, 64, '2002-04-10 00:00:00', 13500.0000, 98),
	(263, 'Ovidiu', 'Cracium', 'V', 'Senior Tool Designer', 2, 3, '2003-01-05 00:00:00', 28800.0000, 145),
	(264, 'Annette', 'Hill', 'L', 'Purchasing Assistant', 5, 274, '2003-01-06 00:00:00', 12800.0000, 181),
	(265, 'Janice', 'Galvin', 'M', 'Tool Designer', 2, 263, '2003-01-23 00:00:00', 25000.0000, 200),
	(266, 'Reinout', 'Hillmann', 'N', 'Purchasing Assistant', 5, 274, '2003-01-25 00:00:00', 12800.0000, 27),
	(267, 'Michael', 'Sullivan', 'I', 'Senior Design Engineer', 1, 3, '2003-01-30 00:00:00', 36100.0000, 217),
	(268, 'Stephen', 'Jiang', 'Y', 'North American Sales Manager', 3, 273, '2003-02-04 00:00:00', 48100.0000, 196),
	(269, 'Wanida', 'Benshoof', 'M', 'Marketing Assistant', 4, 6, '2003-02-07 00:00:00', 13500.0000, 221),
	(270, 'Sharon', 'Salavaria', 'B', 'Design Engineer', 1, 3, '2003-02-18 00:00:00', 32700.0000, 216),
	(271, 'John', 'Wood', 'L', 'Marketing Specialist', 4, 6, '2003-03-10 00:00:00', 14400.0000, 180),
	(272, 'Mary', 'Dempsey', 'A', 'Marketing Assistant', 4, 6, '2003-03-17 00:00:00', 13500.0000, 26),
	(273, 'Brian', 'Welcker', 'S', 'Vice President of Sales', 3, 109, '2003-03-18 00:00:00', 72100.0000, 134),
	(274, 'Sheela', 'Word', 'H', 'Purchasing Manager', 13, 71, '2003-03-28 00:00:00', 30000.0000, 222),
	(275, 'Michael', 'Blythe', 'G', 'Sales Representative', 3, 268, '2003-07-01 00:00:00', 23100.0000, 60),
	(276, 'Linda', 'Mitchell', 'C', 'Sales Representative', 3, 268, '2003-07-01 00:00:00', 23100.0000, 170),
	(277, 'Jillian', 'Carson', NULL, 'Sales Representative', 3, 268, '2003-07-01 00:00:00', 23100.0000, 61),
	(278, 'Garrett', 'Vargas', 'R', 'Sales Representative', 3, 268, '2003-07-01 00:00:00', 23100.0000, 52),
	(279, 'Tsvi', 'Reiter', 'Michael', 'Sales Representative', 3, 268, '2003-07-01 00:00:00', 23100.0000, 154),
	(280, 'Pamela', 'Ansman-Wolfe', 'O', 'Sales Representative', 3, 268, '2003-07-01 00:00:00', 23100.0000, 179),
	(281, 'Shu', 'Ito', 'K', 'Sales Representative', 3, 268, '2003-07-01 00:00:00', 23100.0000, 235),
	(282, 'Jose', 'Saraiva', 'Edvaldo', 'Sales Representative', 3, 268, '2003-07-01 00:00:00', 23100.0000, 178),
	(283, 'David', 'Campbell', 'R', 'Sales Representative', 3, 268, '2003-07-01 00:00:00', 23100.0000, 13),
	(284, 'Amy', 'Alberts', 'E', 'European Sales Manager', 3, 273, '2004-05-18 00:00:00', 48100.0000, 202),
	(285, 'Jae', 'Pak', 'B', 'Sales Representative', 3, 284, '2004-07-01 00:00:00', 23100.0000, 54),
	(286, 'Ranjit', 'Varkey Chudukatil', 'R', 'Sales Representative', 3, 284, '2004-07-01 00:00:00', 23100.0000, 38),
	(287, 'Tete', 'Mensa-Annan', 'A', 'Sales Representative', 3, 268, '2004-11-01 00:00:00', 23100.0000, 53),
	(288, 'Syed', 'Abbas', 'E', 'Pacific Sales Manager', 3, 273, '2005-04-15 00:00:00', 48100.0000, 49),
	(289, 'Rachel', 'Valdez', 'B', 'Sales Representative', 3, 284, '2005-07-01 00:00:00', 23100.0000, 37),
	(290, 'Lynn', 'Tsoflias', 'N', 'Sales Representative', 3, 288, '2005-07-01 00:00:00', 23100.0000, 153),
	(291, 'Jeremy', 'Smith', 'Jeremy', 'Independent Software Development  Consultant', 6, NULL, '2005-03-01 00:00:00', 48000.0000, 291),
	(292, 'Marta', 'Johanson', NULL, 'Independent .NET Consultant', 6, NULL, '2005-03-01 00:00:00', 48000.0000, 291),
	(293, 'Elizabeth', 'Diaz', NULL, 'Independent Java Consultant', 6, NULL, '2005-03-01 00:00:00', 48000.0000, 291);
/*!40000 ALTER TABLE `employees` ENABLE KEYS */;

-- Dumping structure for table telerikacademy.employees_projects
CREATE TABLE IF NOT EXISTS `employees_projects` (
  `employee_id` int(11) NOT NULL,
  `project_id` int(11) NOT NULL,
  PRIMARY KEY (`employee_id`,`project_id`) USING BTREE,
  KEY `FK_employees_projects_projects` (`project_id`) USING BTREE,
  CONSTRAINT `FK_employees_projects_employees` FOREIGN KEY (`employee_id`) REFERENCES `employees` (`employee_id`),
  CONSTRAINT `FK_employees_projects_projects` FOREIGN KEY (`project_id`) REFERENCES `projects` (`project_id`)
) ENGINE=InnoDB DEFAULT CHARSET=utf8mb4;

-- Dumping data for table telerikacademy.employees_projects: ~843 rows (approximately)
DELETE FROM `employees_projects`;
/*!40000 ALTER TABLE `employees_projects` DISABLE KEYS */;
INSERT INTO `employees_projects` (`employee_id`, `project_id`) VALUES
	(1, 4),
	(1, 24),
	(1, 38),
	(1, 113),
	(3, 1),
	(3, 21),
	(3, 58),
	(3, 110),
	(4, 25),
	(4, 39),
	(4, 53),
	(4, 105),
	(5, 27),
	(5, 41),
	(5, 55),
	(5, 107),
	(7, 12),
	(7, 32),
	(7, 107),
	(7, 121),
	(8, 2),
	(8, 22),
	(8, 36),
	(8, 111),
	(9, 9),
	(9, 52),
	(9, 104),
	(9, 118),
	(10, 3),
	(10, 23),
	(10, 37),
	(10, 112),
	(11, 10),
	(11, 53),
	(11, 105),
	(11, 119),
	(12, 28),
	(12, 42),
	(12, 56),
	(12, 108),
	(13, 20),
	(13, 34),
	(13, 48),
	(13, 127),
	(14, 19),
	(14, 33),
	(14, 108),
	(14, 122),
	(15, 1),
	(15, 21),
	(15, 35),
	(15, 110),
	(16, 20),
	(16, 34),
	(16, 109),
	(16, 127),
	(17, 20),
	(17, 34),
	(17, 109),
	(17, 127),
	(18, 1),
	(18, 21),
	(18, 35),
	(18, 110),
	(19, 12),
	(19, 32),
	(19, 107),
	(19, 121),
	(20, 19),
	(20, 33),
	(20, 108),
	(20, 122),
	(21, 10),
	(21, 30),
	(21, 105),
	(21, 119),
	(22, 8),
	(22, 28),
	(22, 42),
	(22, 117),
	(23, 9),
	(23, 29),
	(23, 43),
	(23, 118),
	(24, 10),
	(24, 30),
	(24, 44),
	(24, 119),
	(25, 11),
	(25, 31),
	(25, 106),
	(25, 120),
	(26, 5),
	(26, 25),
	(26, 39),
	(26, 114),
	(27, 26),
	(27, 40),
	(27, 115),
	(29, 7),
	(29, 27),
	(29, 41),
	(29, 116),
	(30, 26),
	(30, 78),
	(30, 115),
	(31, 11),
	(31, 31),
	(31, 45),
	(31, 120),
	(32, 12),
	(32, 32),
	(32, 46),
	(32, 121),
	(33, 19),
	(33, 33),
	(33, 47),
	(33, 122),
	(36, 1),
	(36, 21),
	(36, 35),
	(36, 49),
	(37, 2),
	(37, 22),
	(37, 36),
	(37, 50),
	(38, 2),
	(38, 22),
	(38, 36),
	(38, 111),
	(39, 3),
	(39, 23),
	(39, 60),
	(39, 112),
	(40, 4),
	(40, 24),
	(40, 61),
	(40, 113),
	(41, 4),
	(41, 24),
	(41, 38),
	(41, 52),
	(42, 7),
	(42, 27),
	(42, 79),
	(42, 116),
	(43, 26),
	(43, 78),
	(43, 115),
	(44, 9),
	(44, 29),
	(44, 104),
	(44, 118),
	(45, 5),
	(45, 25),
	(45, 77),
	(45, 114),
	(48, 12),
	(48, 55),
	(48, 107),
	(48, 121),
	(49, 8),
	(49, 28),
	(49, 80),
	(49, 117),
	(50, 7),
	(50, 27),
	(50, 79),
	(50, 116),
	(51, 3),
	(51, 23),
	(51, 37),
	(51, 112),
	(52, 49),
	(52, 78),
	(52, 115),
	(53, 7),
	(53, 50),
	(53, 79),
	(53, 116),
	(54, 7),
	(54, 50),
	(54, 79),
	(54, 116),
	(55, 8),
	(55, 28),
	(55, 80),
	(55, 117),
	(56, 9),
	(56, 29),
	(56, 104),
	(56, 118),
	(57, 10),
	(57, 30),
	(57, 105),
	(57, 119),
	(58, 11),
	(58, 31),
	(58, 106),
	(58, 120),
	(60, 8),
	(60, 51),
	(60, 80),
	(60, 117),
	(61, 9),
	(61, 52),
	(61, 104),
	(61, 118),
	(62, 10),
	(62, 53),
	(62, 105),
	(62, 119),
	(63, 11),
	(63, 54),
	(63, 106),
	(63, 120),
	(64, 4),
	(64, 24),
	(64, 38),
	(64, 113),
	(65, 5),
	(65, 48),
	(65, 77),
	(65, 114),
	(66, 1),
	(66, 44),
	(66, 58),
	(66, 110),
	(67, 20),
	(67, 57),
	(67, 109),
	(67, 127),
	(68, 1),
	(68, 21),
	(68, 58),
	(68, 110),
	(69, 2),
	(69, 22),
	(69, 59),
	(69, 111),
	(70, 49),
	(70, 78),
	(70, 115),
	(73, 19),
	(73, 56),
	(73, 108),
	(73, 122),
	(74, 10),
	(74, 30),
	(74, 44),
	(74, 119),
	(75, 11),
	(75, 31),
	(75, 45),
	(75, 120),
	(76, 12),
	(76, 32),
	(76, 46),
	(76, 121),
	(77, 7),
	(77, 27),
	(77, 41),
	(77, 55),
	(78, 19),
	(78, 33),
	(78, 47),
	(78, 122),
	(79, 9),
	(79, 29),
	(79, 43),
	(79, 57),
	(80, 20),
	(80, 34),
	(80, 48),
	(80, 127),
	(81, 1),
	(81, 21),
	(81, 35),
	(81, 49),
	(83, 4),
	(83, 24),
	(83, 38),
	(83, 52),
	(84, 5),
	(84, 25),
	(84, 39),
	(84, 53),
	(86, 9),
	(86, 29),
	(86, 43),
	(86, 57),
	(87, 9),
	(87, 29),
	(87, 43),
	(87, 118),
	(88, 2),
	(88, 22),
	(88, 36),
	(88, 50),
	(89, 3),
	(89, 23),
	(89, 37),
	(89, 51),
	(90, 20),
	(90, 57),
	(90, 109),
	(90, 127),
	(91, 26),
	(91, 40),
	(91, 54),
	(92, 7),
	(92, 27),
	(92, 41),
	(92, 55),
	(93, 8),
	(93, 28),
	(93, 42),
	(93, 56),
	(95, 12),
	(95, 32),
	(95, 46),
	(95, 60),
	(96, 22),
	(96, 36),
	(96, 50),
	(96, 79),
	(97, 21),
	(97, 35),
	(97, 49),
	(97, 78),
	(98, 22),
	(98, 36),
	(98, 50),
	(98, 79),
	(99, 23),
	(99, 37),
	(99, 51),
	(99, 80),
	(100, 24),
	(100, 38),
	(100, 52),
	(100, 104),
	(101, 25),
	(101, 39),
	(101, 53),
	(101, 105),
	(102, 2),
	(102, 45),
	(102, 59),
	(102, 111),
	(103, 5),
	(103, 48),
	(103, 77),
	(103, 114),
	(104, 19),
	(104, 33),
	(104, 47),
	(104, 61),
	(105, 20),
	(105, 34),
	(105, 48),
	(105, 77),
	(107, 11),
	(107, 31),
	(107, 45),
	(107, 59),
	(108, 8),
	(108, 28),
	(108, 42),
	(108, 117),
	(110, 10),
	(110, 30),
	(110, 44),
	(110, 58),
	(111, 26),
	(111, 40),
	(111, 54),
	(112, 1),
	(112, 44),
	(112, 58),
	(112, 110),
	(113, 2),
	(113, 45),
	(113, 59),
	(113, 111),
	(114, 10),
	(114, 30),
	(114, 44),
	(114, 58),
	(115, 3),
	(115, 46),
	(115, 60),
	(115, 112),
	(116, 4),
	(116, 47),
	(116, 61),
	(116, 113),
	(118, 43),
	(118, 57),
	(118, 109),
	(118, 127),
	(120, 42),
	(120, 56),
	(120, 108),
	(120, 122),
	(122, 40),
	(122, 54),
	(122, 106),
	(122, 120),
	(123, 5),
	(123, 25),
	(123, 39),
	(123, 114),
	(124, 37),
	(124, 51),
	(124, 80),
	(124, 117),
	(125, 38),
	(125, 52),
	(125, 104),
	(125, 118),
	(126, 39),
	(126, 53),
	(126, 105),
	(126, 119),
	(127, 19),
	(127, 56),
	(127, 108),
	(127, 122),
	(129, 41),
	(129, 55),
	(129, 107),
	(129, 121),
	(131, 29),
	(131, 43),
	(131, 57),
	(131, 109),
	(132, 21),
	(132, 35),
	(132, 49),
	(132, 78),
	(133, 30),
	(133, 44),
	(133, 58),
	(133, 110),
	(134, 31),
	(134, 45),
	(134, 59),
	(134, 111),
	(135, 7),
	(135, 27),
	(135, 41),
	(135, 116),
	(136, 26),
	(136, 40),
	(136, 54),
	(136, 106),
	(137, 27),
	(137, 41),
	(137, 55),
	(137, 107),
	(138, 28),
	(138, 42),
	(138, 56),
	(138, 108),
	(141, 35),
	(141, 49),
	(141, 78),
	(141, 115),
	(142, 36),
	(142, 50),
	(142, 79),
	(142, 116),
	(143, 26),
	(143, 40),
	(143, 115),
	(144, 32),
	(144, 46),
	(144, 60),
	(144, 112),
	(145, 5),
	(145, 25),
	(145, 39),
	(145, 53),
	(146, 33),
	(146, 47),
	(146, 61),
	(146, 113),
	(147, 34),
	(147, 48),
	(147, 77),
	(147, 114),
	(148, 29),
	(148, 43),
	(148, 57),
	(148, 109),
	(149, 3),
	(149, 46),
	(149, 60),
	(149, 112),
	(151, 49),
	(151, 78),
	(151, 115),
	(152, 7),
	(152, 50),
	(152, 79),
	(152, 116),
	(153, 8),
	(153, 51),
	(153, 80),
	(153, 117),
	(154, 5),
	(154, 25),
	(154, 77),
	(154, 114),
	(155, 9),
	(155, 52),
	(155, 104),
	(155, 118),
	(156, 10),
	(156, 53),
	(156, 105),
	(156, 119),
	(157, 11),
	(157, 54),
	(157, 106),
	(157, 120),
	(158, 12),
	(158, 32),
	(158, 46),
	(158, 60),
	(159, 11),
	(159, 31),
	(159, 45),
	(159, 120),
	(160, 43),
	(160, 57),
	(160, 109),
	(160, 127),
	(161, 12),
	(161, 55),
	(161, 107),
	(161, 121),
	(162, 1),
	(162, 44),
	(162, 58),
	(162, 110),
	(163, 2),
	(163, 45),
	(163, 59),
	(163, 111),
	(165, 40),
	(165, 54),
	(165, 106),
	(165, 120),
	(167, 3),
	(167, 46),
	(167, 60),
	(167, 112),
	(168, 4),
	(168, 47),
	(168, 61),
	(168, 113),
	(169, 5),
	(169, 48),
	(169, 77),
	(169, 114),
	(170, 19),
	(170, 33),
	(170, 47),
	(170, 61),
	(171, 41),
	(171, 55),
	(171, 107),
	(171, 121),
	(172, 42),
	(172, 56),
	(172, 108),
	(172, 122),
	(173, 12),
	(173, 32),
	(173, 46),
	(173, 121),
	(174, 37),
	(174, 51),
	(174, 80),
	(174, 117),
	(175, 38),
	(175, 52),
	(175, 104),
	(175, 118),
	(176, 4),
	(176, 47),
	(176, 61),
	(176, 113),
	(177, 39),
	(177, 53),
	(177, 105),
	(177, 119),
	(179, 34),
	(179, 48),
	(179, 77),
	(179, 114),
	(180, 35),
	(180, 49),
	(180, 78),
	(180, 115),
	(181, 36),
	(181, 50),
	(181, 79),
	(181, 116),
	(182, 1),
	(182, 21),
	(182, 35),
	(182, 49),
	(183, 26),
	(183, 40),
	(183, 54),
	(183, 106),
	(184, 19),
	(184, 33),
	(184, 47),
	(184, 122),
	(185, 20),
	(185, 34),
	(185, 48),
	(185, 127),
	(186, 32),
	(186, 46),
	(186, 60),
	(186, 112),
	(187, 33),
	(187, 47),
	(187, 61),
	(187, 113),
	(189, 27),
	(189, 41),
	(189, 55),
	(189, 107),
	(190, 28),
	(190, 42),
	(190, 56),
	(190, 108),
	(191, 4),
	(191, 24),
	(191, 61),
	(191, 113),
	(192, 29),
	(192, 43),
	(192, 57),
	(192, 109),
	(193, 30),
	(193, 44),
	(193, 58),
	(193, 110),
	(194, 31),
	(194, 45),
	(194, 59),
	(194, 111),
	(196, 22),
	(196, 36),
	(196, 50),
	(196, 79),
	(197, 2),
	(197, 22),
	(197, 36),
	(197, 50),
	(199, 23),
	(199, 37),
	(199, 51),
	(199, 80),
	(200, 3),
	(200, 23),
	(200, 37),
	(200, 51),
	(202, 12),
	(202, 32),
	(202, 46),
	(202, 60),
	(204, 24),
	(204, 38),
	(204, 52),
	(204, 104),
	(205, 25),
	(205, 39),
	(205, 53),
	(205, 105),
	(206, 20),
	(206, 34),
	(206, 48),
	(206, 77),
	(207, 19),
	(207, 33),
	(207, 47),
	(207, 61),
	(208, 20),
	(208, 34),
	(208, 48),
	(208, 77),
	(209, 21),
	(209, 35),
	(209, 49),
	(209, 78),
	(210, 3),
	(210, 23),
	(210, 37),
	(210, 51),
	(211, 4),
	(211, 24),
	(211, 38),
	(211, 52),
	(212, 8),
	(212, 51),
	(212, 80),
	(212, 117),
	(213, 9),
	(213, 29),
	(213, 43),
	(213, 57),
	(214, 10),
	(214, 30),
	(214, 44),
	(214, 58),
	(215, 11),
	(215, 31),
	(215, 45),
	(215, 59),
	(217, 31),
	(217, 45),
	(217, 59),
	(218, 3),
	(218, 23),
	(218, 60),
	(218, 112),
	(219, 53),
	(220, 26),
	(220, 40),
	(220, 54),
	(221, 7),
	(221, 27),
	(221, 41),
	(221, 55),
	(222, 8),
	(222, 42),
	(222, 56),
	(224, 10),
	(224, 44),
	(224, 119),
	(225, 22),
	(225, 59),
	(225, 111),
	(226, 4),
	(226, 24),
	(226, 38),
	(226, 113),
	(227, 114),
	(228, 26),
	(228, 40),
	(228, 115),
	(229, 7),
	(229, 27),
	(229, 41),
	(229, 116),
	(230, 8),
	(230, 42),
	(230, 117),
	(232, 29),
	(232, 43),
	(232, 118),
	(234, 20),
	(234, 34),
	(234, 109),
	(234, 127),
	(235, 1),
	(235, 21),
	(235, 35),
	(235, 110),
	(236, 22),
	(236, 36),
	(236, 111),
	(237, 3),
	(237, 23),
	(237, 37),
	(237, 112),
	(239, 12),
	(239, 32),
	(239, 107),
	(239, 121),
	(240, 108),
	(240, 122),
	(243, 31),
	(243, 106),
	(243, 120),
	(245, 20),
	(245, 57),
	(245, 109),
	(245, 127),
	(246, 1),
	(246, 21),
	(246, 58),
	(246, 110),
	(247, 22),
	(247, 59),
	(247, 111),
	(248, 3),
	(248, 23),
	(248, 60),
	(248, 112),
	(249, 4),
	(249, 24),
	(249, 61),
	(249, 113),
	(250, 77),
	(250, 114),
	(252, 12),
	(252, 55),
	(252, 107),
	(252, 121),
	(253, 8),
	(253, 42),
	(253, 56),
	(254, 26),
	(254, 78),
	(254, 115),
	(255, 7),
	(255, 27),
	(255, 79),
	(255, 116),
	(256, 8),
	(256, 80),
	(256, 117),
	(257, 29),
	(257, 104),
	(257, 118),
	(258, 10),
	(258, 105),
	(258, 119),
	(262, 56),
	(262, 108),
	(262, 122),
	(263, 24),
	(267, 37),
	(267, 80);
/*!40000 ALTER TABLE `employees_projects` ENABLE KEYS */;

-- Dumping structure for table telerikacademy.projects
CREATE TABLE IF NOT EXISTS `projects` (
  `project_id` int(11) NOT NULL AUTO_INCREMENT,
  `name` varchar(50) NOT NULL,
  `description` longtext DEFAULT NULL,
  `end_date` datetime DEFAULT NULL,
  `start_date` datetime NOT NULL,
  PRIMARY KEY (`project_id`) USING BTREE
) ENGINE=InnoDB AUTO_INCREMENT=128 DEFAULT CHARSET=utf8mb4;

-- Dumping data for table telerikacademy.projects: ~79 rows (approximately)
DELETE FROM `projects`;
/*!40000 ALTER TABLE `projects` DISABLE KEYS */;
INSERT INTO `projects` (`project_id`, `name`, `description`, `end_date`, `start_date`) VALUES
	(1, 'Classic Vest', 'Research, design and development of Classic Vest. Light-weight, wind-resistant, packs to fit into a pocket.', NULL, '2003-06-01 00:00:00'),
	(2, 'Cycling Cap', 'Research, design and development of Cycling Cap. Traditional style with a flip-up brim; one-size fits all.', '2003-06-01 00:00:00', '2001-06-01 00:00:00'),
	(3, 'Full-Finger Gloves', 'Research, design and development of Full-Finger Gloves. Synthetic palm, flexible knuckles, breathable mesh upper. Worn by the AWC team riders.', '2003-06-01 00:00:00', '2002-06-01 00:00:00'),
	(4, 'Half-Finger Gloves', 'Research, design and development of Half-Finger Gloves. Full padding, improved finger flex, durable palm, adjustable closure.', '2003-06-01 00:00:00', '2002-06-01 00:00:00'),
	(5, 'HL Mountain Frame', 'Research, design and development of HL Mountain Frame. Each frame is hand-crafted in our Bothell facility to the optimum diameter and wall-thickness required of a premium mountain frame. The heat-treated welded aluminum frame has a larger diameter tube that absorbs the bumps.', '2003-06-01 00:00:00', '2001-06-01 00:00:00'),
	(6, 'HL Road Frame', 'Research, design and development of HL Road Frame. Our lightest and best quality aluminum frame made from the newest alloy; it is welded and heat-treated for strength. Our innovative design results in maximum comfort and performance.', '2003-06-01 00:00:00', '1998-05-02 00:00:00'),
	(7, 'HL Touring Frame', 'Research, design and development of HL Touring Frame. The HL aluminum frame is custom-shaped for both good looks and strength; it will withstand the most rigorous challenges of daily riding. Men\'s version.', NULL, '2005-05-16 16:34:00'),
	(8, 'LL Mountain Frame', 'Research, design and development of LL Mountain Frame. Our best value utilizing the same, ground-breaking frame technology as the ML aluminum frame.', '2003-06-01 00:00:00', '2002-11-20 09:57:00'),
	(9, 'LL Road Frame', 'Research, design and development of LL Road Frame. The LL Frame provides a safe comfortable ride, while offering superior bump absorption in a value-priced aluminum frame.', '2003-06-01 00:00:00', '2001-06-01 00:00:00'),
	(10, 'LL Touring Frame', 'Research, design and development of LL Touring Frame. Lightweight butted aluminum frame provides a more upright riding position for a trip around town.  Our ground-breaking design provides optimum comfort.', NULL, '2005-05-16 16:34:00'),
	(11, 'Long-Sleeve Logo Jersey', 'Research, design and development of Long-Sleeve Logo Jersey. Unisex long-sleeve AWC logo microfiber cycling jersey', '2003-06-01 00:00:00', '2001-06-01 00:00:00'),
	(12, 'Men\'s Bib-Shorts', 'Research, design and development of Men\'s Bib-Shorts. Designed for the AWC team with stay-put straps, moisture-control, chamois padding, and leg grippers.', '2003-06-01 00:00:00', '2002-06-01 00:00:00'),
	(19, 'Mountain-100', 'Research, design and development of Mountain-100. Top-of-the-line competition mountain bike. Performance-enhancing options include the innovative HL Frame, super-smooth front suspension, and traction for all terrain.', '2003-06-01 00:00:00', '2001-06-01 00:00:00'),
	(20, 'Mountain-200', 'Research, design and development of Mountain-200. Serious back-country riding. Perfect for all levels of competition. Uses the same HL Frame as the Mountain-100.', '2004-03-11 10:32:00', '2002-06-01 00:00:00'),
	(21, 'Mountain-300', 'Research, design and development of Mountain-300. For true trail addicts.  An extremely durable bike that will go anywhere and keep you in control on challenging terrain - without breaking your budget.', '2003-06-01 00:00:00', '2002-06-01 00:00:00'),
	(22, 'Mountain-400-W', 'Research, design and development of Mountain-400-W. This bike delivers a high-level of performance on a budget. It is responsive and maneuverable, and offers peace-of-mind when you decide to go off-road.', NULL, '2006-02-22 00:00:00'),
	(23, 'Mountain-500', 'Research, design and development of Mountain-500. Suitable for any type of riding, on or off-road. Fits any budget. Smooth-shifting with a comfortable ride.', '2003-06-01 00:00:00', '2002-11-20 09:57:00'),
	(24, 'Racing Socks', 'Research, design and development of Racing Socks. Thin, lightweight and durable with cuffs that stay up.', NULL, '2005-11-22 00:00:00'),
	(25, 'Road-150', 'Research, design and development of Road-150. This bike is ridden by race winners. Developed with the Adventure Works Cycles professional race team, it has a extremely light heat-treated aluminum frame, and steering that allows precision control.', '2003-06-01 00:00:00', '2001-06-01 00:00:00'),
	(26, 'Road-250', 'Research, design and development of Road-250. Alluminum-alloy frame provides a light, stiff ride, whether you are racing in the velodrome or on a demanding club ride on country roads.', '2003-06-01 00:00:00', '2002-06-01 00:00:00'),
	(27, 'Road-350-W', 'Research, design and development of Road-350-W. Cross-train, race, or just socialize on a sleek, aerodynamic bike designed for a woman.  Advanced seat technology provides comfort all day.', NULL, '2003-06-01 00:00:00'),
	(28, 'Road-450', 'Research, design and development of Road-450. A true multi-sport bike that offers streamlined riding and a revolutionary design. Aerodynamic design lets you ride with the pros, and the gearing will conquer hilly roads.', '2003-06-01 00:00:00', '2001-06-01 00:00:00'),
	(29, 'Road-550-W', 'Research, design and development of Road-550-W. Same technology as all of our Road series bikes, but the frame is sized for a woman.  Perfect all-around bike for road or racing.', '2003-06-01 00:00:00', '2002-06-01 00:00:00'),
	(30, 'Road-650', 'Research, design and development of Road-650. Value-priced bike with many features of our top-of-the-line models. Has the same light, stiff frame, and the quick acceleration we\'re famous for.', '2003-06-01 00:00:00', '2001-06-01 00:00:00'),
	(31, 'Road-750', 'Research, design and development of Road-750. Entry level adult bike; offers a comfortable ride cross-country or down the block. Quick-release hubs and rims.', '2003-06-01 00:00:00', '2002-11-20 09:57:00'),
	(32, 'Short-Sleeve Classic Jersey', 'Research, design and development of Short-Sleeve Classic Jersey. Short sleeve classic breathable jersey with superior moisture control, front zipper, and 3 back pockets.', NULL, '2003-06-01 00:00:00'),
	(33, 'Sport-100', 'Research, design and development of Sport-100. Universal fit, well-vented, lightweight , snap-on visor.', '2003-06-01 00:00:00', '2001-06-01 00:00:00'),
	(34, 'Touring-1000', 'Research, design and development of Touring-1000. Travel in style and comfort. Designed for maximum comfort and safety. Wide gear range takes on all hills. High-tech aluminum alloy construction provides durability without added weight.', '2003-06-01 00:00:00', '2002-11-20 09:57:00'),
	(35, 'Touring-2000', 'Research, design and development of Touring-2000. The plush custom saddle keeps you riding all day,  and there\'s plenty of space to add panniers and bike bags to the newly-redesigned carrier.  This bike has stability when fully-loaded.', '2003-06-01 00:00:00', '2002-11-20 09:57:00'),
	(36, 'Touring-3000', 'Research, design and development of Touring-3000. All-occasion value bike with our basic comfort and safety features. Offers wider, more stable tires for a ride around town or weekend trip.', '2003-06-01 00:00:00', '2002-11-20 09:57:00'),
	(37, 'Women\'s Mountain Shorts', 'Research, design and development of Women\'s Mountain Shorts. Heavy duty, abrasion-resistant shorts feature seamless, lycra inner shorts with anti-bacterial chamois for comfort.', NULL, '2003-06-01 00:00:00'),
	(38, 'Women\'s Tights', 'Research, design and development of Women\'s Tights. Warm spandex tights for winter riding; seamless chamois construction eliminates pressure points.', '2003-06-01 00:00:00', '2002-06-01 00:00:00'),
	(39, 'Mountain-400', 'Research, design and development of Mountain-400. Suitable for any type of off-road trip. Fits any budget.', '2003-06-01 00:00:00', '2001-06-01 00:00:00'),
	(40, 'Road-550', 'Research, design and development of Road-550. Same technology as all of our Road series bikes.  Perfect all-around bike for road or racing.', '2003-06-01 00:00:00', '2002-06-01 00:00:00'),
	(41, 'Road-350', 'Research, design and development of Road-350. Cross-train, race, or just socialize on a sleek, aerodynamic bike.  Advanced seat technology provides comfort all day.', '2003-06-01 00:00:00', '2002-11-20 09:57:00'),
	(42, 'LL Mountain Front Wheel', 'Research, design and development of LL Mountain Front Wheel. Replacement mountain wheel for entry-level rider.', '2003-06-01 00:00:00', '2002-11-20 09:57:00'),
	(43, 'Touring Rear Wheel', 'Research, design and development of Touring Rear Wheel. Excellent aerodynamic rims guarantee a smooth ride.', NULL, '2005-05-16 16:34:00'),
	(44, 'Touring Front Wheel', 'Research, design and development of Touring Front Wheel. Aerodynamic rims for smooth riding.', NULL, '2005-05-16 16:34:00'),
	(45, 'ML Mountain Front Wheel', 'Research, design and development of ML Mountain Front Wheel. Replacement mountain wheel for the casual to serious rider.', '2003-06-01 00:00:00', '2002-06-01 00:00:00'),
	(46, 'HL Mountain Front Wheel', 'Research, design and development of HL Mountain Front Wheel. High-performance mountain replacement wheel.', '2003-06-01 00:00:00', '2002-06-01 00:00:00'),
	(47, 'LL Touring Handlebars', 'Research, design and development of LL Touring Handlebars. Unique shape reduces fatigue for entry level riders.', NULL, '2005-05-16 16:34:00'),
	(48, 'HL Touring Handlebars', 'Research, design and development of HL Touring Handlebars. A light yet stiff aluminum bar for long distance riding.', NULL, '2005-05-16 16:34:00'),
	(49, 'LL Road Front Wheel', 'Research, design and development of LL Road Front Wheel. Replacement road front wheel for entry-level cyclist.', '2003-06-01 00:00:00', '2002-06-01 00:00:00'),
	(50, 'ML Road Front Wheel', 'Research, design and development of ML Road Front Wheel. Sturdy alloy features a quick-release hub.', '2003-06-01 00:00:00', '2002-06-01 00:00:00'),
	(51, 'HL Road Front Wheel', 'Research, design and development of HL Road Front Wheel. Strong wheel with double-walled rim.', '2003-06-01 00:00:00', '2002-06-01 00:00:00'),
	(52, 'LL Mountain Handlebars', 'Research, design and development of LL Mountain Handlebars. All-purpose bar for on or off-road.', '2003-06-01 00:00:00', '2002-06-01 00:00:00'),
	(53, 'Touring Pedal', 'Research, design and development of Touring Pedal. A stable pedal for all-day riding.', NULL, '2005-05-16 16:34:00'),
	(54, 'ML Mountain Handlebars', 'Research, design and development of ML Mountain Handlebars. Tough aluminum alloy bars for downhill.', '2003-06-01 00:00:00', '2002-06-01 00:00:00'),
	(55, 'HL Mountain Handlebars', 'Research, design and development of HL Mountain Handlebars. Flat bar strong enough for the pro circuit.', '2003-06-01 00:00:00', '2002-06-01 00:00:00'),
	(56, 'LL Road Handlebars', 'Research, design and development of LL Road Handlebars. Unique shape provides easier reach to the levers.', '2003-06-01 00:00:00', '2002-06-01 00:00:00'),
	(57, 'ML Road Handlebars', 'Research, design and development of ML Road Handlebars. Anatomically shaped aluminum tube bar will suit all riders.', '2003-06-01 00:00:00', '2002-06-01 00:00:00'),
	(58, 'HL Road Handlebars', 'Research, design and development of HL Road Handlebars. Designed for racers; high-end anatomically shaped bar from aluminum alloy.', '2003-06-01 00:00:00', '2002-06-01 00:00:00'),
	(59, 'LL Headset', 'Research, design and development of LL Headset. Threadless headset provides quality at an economical price.', '2003-06-01 00:00:00', '2002-06-01 00:00:00'),
	(60, 'ML Headset', 'Research, design and development of ML Headset. Sealed cartridge keeps dirt out.', '2003-06-01 00:00:00', '2002-06-01 00:00:00'),
	(61, 'HL Headset', 'Research, design and development of HL Headset. High-quality 1" threadless headset with a grease port for quick lubrication.', '2003-06-01 00:00:00', '2002-06-01 00:00:00'),
	(77, 'ML Road Rear Wheel', 'Research, design and development of ML Road Rear Wheel. Aluminum alloy rim with stainless steel spokes; built for speed.', '2003-06-01 00:00:00', '2002-06-01 00:00:00'),
	(78, 'HL Road Rear Wheel', 'Research, design and development of HL Road Rear Wheel. Strong rear wheel with double-walled rim.', '2003-06-01 00:00:00', '2002-06-01 00:00:00'),
	(79, 'LL Mountain Seat/Saddle 2', 'Research, design and development of LL Mountain Seat/Saddle 2. Synthetic leather. Features gel for increased comfort.', NULL, '2003-06-01 00:00:00'),
	(80, 'ML Mountain Seat/Saddle 2', 'Research, design and development of ML Mountain Seat/Saddle 2. Designed to absorb shock.', '2004-03-11 10:32:00', '2003-06-01 00:00:00'),
	(104, 'LL Fork', 'Research, design and development of LL Fork. Stout design absorbs shock and offers more precise steering.', '2003-06-01 00:00:00', '2002-06-01 00:00:00'),
	(105, 'ML Fork', 'Research, design and development of ML Fork. Composite road fork with an aluminum steerer tube.', '2003-06-01 00:00:00', '2002-06-01 00:00:00'),
	(106, 'HL Fork', 'Research, design and development of HL Fork. High-performance carbon road fork with curved legs.', '2003-06-01 00:00:00', '2002-06-01 00:00:00'),
	(107, 'Hydration Pack', 'Research, design and development of Hydration Pack. Versatile 70 oz hydration pack offers extra storage, easy-fill access, and a waist belt.', NULL, '2003-06-01 00:00:00'),
	(108, 'Taillight', 'Research, design and development of Taillight. Affordable light for safe night riding - uses 3 AAA batteries', '2003-06-01 00:00:00', '2002-06-01 00:00:00'),
	(109, 'Headlights - Dual-Beam', 'Research, design and development of Headlights - Dual-Beam. Rechargeable dual-beam headlight.', '2003-06-01 00:00:00', '2002-06-01 00:00:00'),
	(110, 'Headlights - Weatherproof', 'Research, design and development of Headlights - Weatherproof. Rugged weatherproof headlight.', '2003-06-01 00:00:00', '2002-06-01 00:00:00'),
	(111, 'Water Bottle', 'Research, design and development of Water Bottle. AWC logo water bottle - holds 30 oz; leak-proof.', NULL, '2003-06-01 00:00:00'),
	(112, 'Mountain Bottle Cage', 'Research, design and development of Mountain Bottle Cage. Tough aluminum cage holds bottle securly on tough terrain.', NULL, '2003-06-01 00:00:00'),
	(113, 'Road Bottle Cage', 'Research, design and development of Road Bottle Cage. Aluminum cage is lighter than our mountain version; perfect for long distance trips.', NULL, '2004-02-21 00:00:00'),
	(114, 'Patch kit', 'Research, design and development of Patch kit. Includes 8 different size patches, glue and sandpaper.', NULL, '2003-06-01 00:00:00'),
	(115, 'Cable Lock', 'Research, design and development of Cable Lock. Wraps to fit front and rear tires, carrier and 2 keys included.', '2003-06-01 00:00:00', '2002-06-01 00:00:00'),
	(116, 'Minipump', 'Research, design and development of Minipump. Designed for convenience. Fits in your pocket. Aluminum barrel. 160psi rated.', '2003-06-01 00:00:00', '2002-06-01 00:00:00'),
	(117, 'Mountain Pump', 'Research, design and development of Mountain Pump. Simple and light-weight. Emergency patches stored in handle.', '2003-06-01 00:00:00', '2002-06-01 00:00:00'),
	(118, 'Hitch Rack - 4-Bike', 'Research, design and development of Hitch Rack - 4-Bike. Carries 4 bikes securely; steel construction, fits 2" receiver hitch.', NULL, '2003-06-01 00:00:00'),
	(119, 'Bike Wash', 'Research, design and development of Bike Wash. Washes off the toughest road grime; dissolves grease, environmentally safe. 1-liter bottle.', NULL, '2005-08-01 00:00:00'),
	(120, 'Touring-Panniers', 'Research, design and development of Touring-Panniers. Durable, water-proof nylon construction with easy access. Large enough for weekend trips.', '2003-06-01 00:00:00', '2002-06-01 00:00:00'),
	(121, 'Fender Set - Mountain', 'Research, design and development of Fender Set - Mountain. Clip-on fenders fit most mountain bikes.', NULL, '2003-06-01 00:00:00'),
	(122, 'All-Purpose Bike Stand', 'Research, design and development of All-Purpose Bike Stand. Perfect all-purpose bike stand for working on your bike at home. Quick-adjusting clamps and steel construction.', NULL, '2005-09-01 00:00:00'),
	(127, 'Rear Derailleur', 'Research, design and development of Rear Derailleur. Wide-link design.', NULL, '2003-06-01 00:00:00');
/*!40000 ALTER TABLE `projects` ENABLE KEYS */;

-- Dumping structure for table telerikacademy.towns
CREATE TABLE IF NOT EXISTS `towns` (
  `town_id` int(11) NOT NULL AUTO_INCREMENT,
  `name` varchar(50) NOT NULL,
  PRIMARY KEY (`town_id`) USING BTREE
) ENGINE=InnoDB AUTO_INCREMENT=33 DEFAULT CHARSET=utf8mb4;

-- Dumping data for table telerikacademy.towns: ~32 rows (approximately)
DELETE FROM `towns`;
/*!40000 ALTER TABLE `towns` DISABLE KEYS */;
INSERT INTO `towns` (`town_id`, `name`) VALUES
	(1, 'Redmond'),
	(2, 'Calgary'),
	(3, 'Edmonds'),
	(4, 'Seattle'),
	(5, 'Bellevue'),
	(6, 'Issaquah'),
	(7, 'Everett'),
	(8, 'Bothell'),
	(9, 'San Francisco'),
	(10, 'Index'),
	(11, 'Snohomish'),
	(12, 'Monroe'),
	(13, 'Renton'),
	(14, 'Newport Hills'),
	(15, 'Carnation'),
	(16, 'Sammamish'),
	(17, 'Duvall'),
	(18, 'Gold Bar'),
	(19, 'Nevada'),
	(20, 'Kenmore'),
	(21, 'Melbourne'),
	(22, 'Kent'),
	(23, 'Cambridge'),
	(24, 'Minneapolis'),
	(25, 'Portland'),
	(26, 'Duluth'),
	(27, 'Detroit'),
	(28, 'Memphis'),
	(29, 'Ottawa'),
	(30, 'Bordeaux'),
	(31, 'Berlin'),
	(32, 'Sofia');
/*!40000 ALTER TABLE `towns` ENABLE KEYS */;

/*!40101 SET SQL_MODE=IFNULL(@OLD_SQL_MODE, '') */;
/*!40014 SET FOREIGN_KEY_CHECKS=IFNULL(@OLD_FOREIGN_KEY_CHECKS, 1) */;
/*!40101 SET CHARACTER_SET_CLIENT=@OLD_CHARACTER_SET_CLIENT */;
/*!40111 SET SQL_NOTES=IFNULL(@OLD_SQL_NOTES, 1) */;
